{
  "version": 5,
  "BatterySmartKJ": 200000.0,
  "BatteryLargeKJ": 400000.0,
  "BatterySmartNoRunOff": true,
  "LockerKG": 400000.0,
  "LockerSmartKG": 400000.0,
  "GasReservoirKG": 99000.0,
  "LiquidReservoirKG": 99000.0,
  "RationBoxKG": 400000.0,
  "FridgeKG": 400000.0,
  "CritterFeederKG": 400000.0,
  "FishFeederKG": 400000.0,
  "CanisterFillerKG": 400000.0,
  "ConveyorLoaderKG": 400000.0,
  "ConveyorReceptacleKG": 400000.0,
  "ElectrolizerMaxPressure": 5.0,
  "NewRecipeRockCrusher": true,
  "ReservoirNoGround": true,
  "NoDupeValves": true,
  "NoDupeOilRefinery": true,
  "BelowHereMightNotImplementedYet": true,
  "SuperSpaceScanner": false,
  "NoDupeBuildings": {
    "___GlobalFlag___": true,
    "Apothecary": true,
    "ClothingFabricator": true,
    "Electric Grill": true,
    "Egg Cracker": true,
    "Glass Forge": true,
    "Gas Range": true,
    "Metal Refinery": true,
    "Microbe Musher": true,
    "Rock Crusher": true,
    "Exosuit Forge": true,
    "Molecular Forge": true,
    "Ice Fan": true,
    "Improved Compost": true,
    "Oil Refinery": true,
    "Shearing Station": true,
    "Oil Well": true,
    "Grooming Station": true
  }
}