{
  "version": 5,
  "BatterySmartKJ": 20000.0,
  "BatteryLargeKJ": 40000.0,
  "BatterySmartNoRunOff": false,
  "LockerKG": 20000.0,
  "LockerSmartKG": 20000.0,
  "GasReservoirKG": 400.0,
  "LiquidReservoirKG": 5000.0,
  "RationBoxKG": 150.0,
  "FridgeKG": 400.0,
  "CritterFeederKG": 200.0,
  "FishFeederKG": 200.0,
  "CanisterFillerKG": 10.0,
  "ConveyorLoaderKG": 1000.0,
  "ConveyorReceptacleKG": 100.0,
  "ElectrolizerMaxPressure": 1.8,
  "NewRecipeRockCrusher": false,
  "ReservoirNoGround": false,
  "NoDupeValves": false,
  "NoDupeOilRefinery": false,
  "BelowHereMightNotImplementedYet": true,
  "SuperSpaceScanner": false,
  "NoDupeBuildings": {
    "___GlobalFlag___": false,
    "Apothecary": true,
    "ClothingFabricator": true,
    "Electric Grill": true,
    "Egg Cracker": true,
    "Glass Forge": true,
    "Gas Range": true,
    "Metal Refinery": true,
    "Microbe Musher": true,
    "Rock Crusher": true,
    "Exosuit Forge": true,
    "Molecular Forge": true,
    "Ice Fan": true,
    "Improved Compost": true,
    "Oil Refinery": true,
    "Shearing Station": true,
    "Oil Well": true,
    "Grooming Station": true
  }
}