{
  "version": 6,
  "BatterySmartKJ": 200000.0,
  "BatterySmartNoRunOff": true,
  "BatteryLargeKJ": 400000.0,
  "LockerKG": 400000.0,
  "LockerSmartKG": 400000.0,
  "GasReservoirKG": 99000.0,
  "LiquidReservoirKG": 99000.0,
  "RationBoxKG": 400000.0,
  "FridgeKG": 400000.0,
  "CritterFeederKG": 400000.0,
  "FishFeederKG": 400000.0,
  "CanisterFillerKG": 400000.0,
  "ConveyorLoaderKG": 400000.0,
  "ConveyorReceptacleKG": 400000.0,
  "ElectrolizerMaxPressure": 5.0,
  "NewRecipeRockCrusher": true,
  "ReservoirNoGround": true,
  "NoDupeValves": true,
  "ScannerInterferenceRadius": 5,
  "ScannerWorstWarningTime": 30.0,
  "ScannerBestWarningTime": 60.0,
  "ScannerBestNetworkSize": 2,
  "NoDupeBuildings": {
    "___GlobalFlag___": true,
    "Apothecary": false,
    "Textile Loom": false,
    "Electric Grill": false,
    "Egg Cracker": false,
    "Glass Forge": true,
    "Gas Range": false,
    "Metal Refinery": true,
    "Microbe Musher": true,
    "Rock Crusher": true,
    "Exosuit Forge": false,
    "Molecular Forge": true,
    "Oil Refinery": true,
    "Oil Well": true,
    "Automated Compost": false,
    "Ice Fan": false,
    "Shearing Station": false,
    "Grooming Station": false
  }
}