{
  "version": 6,
  "BatterySmartKJ": 20000.0,
  "BatterySmartNoRunOff": false,
  "BatteryLargeKJ": 40000.0,
  "LockerKG": 20000.0,
  "LockerSmartKG": 20000.0,
  "GasReservoirKG": 400.0,
  "LiquidReservoirKG": 5000.0,
  "RationBoxKG": 150.0,
  "FridgeKG": 400.0,
  "CritterFeederKG": 200.0,
  "FishFeederKG": 200.0,
  "CanisterFillerKG": 10.0,
  "ConveyorLoaderKG": 1000.0,
  "ConveyorReceptacleKG": 100.0,
  "ElectrolizerMaxPressure": 1.8,
  "NewRecipeRockCrusher": false,
  "ReservoirNoGround": false,
  "NoDupeValves": false,
  "ScannerInterferenceRadius": 15,
  "ScannerWorstWarningTime": 1.0,
  "ScannerBestWarningTime": 200.0,
  "ScannerBestNetworkSize": 6,
  "NoDupeBuildings": {
    "___GlobalFlag___": false,
    "Apothecary": false,
    "Textile Loom": false,
    "Electric Grill": false,
    "Egg Cracker": false,
    "Glass Forge": true,
    "Gas Range": false,
    "Metal Refinery": true,
    "Microbe Musher": true,
    "Rock Crusher": true,
    "Exosuit Forge": false,
    "Molecular Forge": true,
    "Oil Refinery": true,
    "Oil Well": true,
    "Automated Compost": false,
    "Ice Fan": false,
    "Shearing Station": false,
    "Grooming Station": false
  }
}